{
  "DFN": {
    "total_params": 9663588,
    "trainable_params": 9663588,
    "flops": null,
    "thop_params": null,
    "timing": {
      "avg_time_s": 0.0006247264042496682,
      "std_time_s": 6.950805345477645e-05,
      "throughput_samples_per_s": 12805.60569487767,
      "batch_size": 8,
      "device": "cuda"
    }
  },
  "netA": {
    "total_params": 9579350,
    "trainable_params": 9579350,
    "flops": null,
    "thop_params": null,
    "timing": {
      "avg_time_s": 0.00023267999961972235,
      "std_time_s": 4.865891127226575e-05,
      "throughput_samples_per_s": 34381.98389665936,
      "batch_size": 8,
      "device": "cuda"
    }
  },
  "netB": {
    "total_params": 82432,
    "trainable_params": 82432,
    "flops": null,
    "thop_params": null,
    "timing": {
      "avg_time_s": 0.0002874943993985653,
      "std_time_s": 0.0003153305104703547,
      "throughput_samples_per_s": 27826.629029072916,
      "batch_size": 8,
      "device": "cuda"
    }
  },
  "netC": {
    "total_params": 387,
    "trainable_params": 387,
    "flops": null,
    "thop_params": null,
    "timing": {
      "avg_time_s": 0.00021008000075817108,
      "std_time_s": 3.0121089496104116e-05,
      "throughput_samples_per_s": 38080.731012606106,
      "batch_size": 8,
      "device": "cuda"
    }
  },
  "netD": {
    "total_params": 1806,
    "trainable_params": 1806,
    "flops": null,
    "thop_params": null,
    "timing": {
      "avg_time_s": 0.00021136000081896781,
      "std_time_s": 2.8524982341525798e-05,
      "throughput_samples_per_s": 37850.11340368081,
      "batch_size": 8,
      "device": "cuda"
    }
  },
  "netF_sim": {
    "total_params": 1806,
    "trainable_params": 1806,
    "flops": null,
    "thop_params": null,
    "timing": {
      "avg_time_s": 0.00019510719925165177,
      "std_time_s": 3.0055104079483428e-05,
      "throughput_samples_per_s": 41003.09999161793,
      "batch_size": 8,
      "device": "cuda"
    }
  }
}